<?xml version="1.0" encoding="UTF-8"?>
<!--
  ~ Copyright (c) 2016, WSO2 Inc. (http://www.wso2.org) All Rights Reserved.
  ~
  ~ WSO2 Inc. licenses this file to you under the Apache License,
  ~ Version 2.0 (the "License"); you may not use this file except
  ~ in compliance with the License.
  ~ You may obtain a copy of the License at
  ~
  ~    http://www.apache.org/licenses/LICENSE-2.0
  ~
  ~ Unless required by applicable law or agreed to in writing,
  ~ software distributed under the License is distributed on an
  ~ "AS IS" BASIS, WITHOUT WARRANTIES OR CONDITIONS OF ANY
  ~ KIND, either express or implied.  See the License for the
  ~ specific language governing permissions and limitations
  ~ under the License.
  -->
<template name="deleteFolder" xmlns="http://ws.apache.org/ns/synapse">
    <parameter name="folderPath"
               description="Path of the folder to delete."/>
    <parameter name="ifMatch"
               description="To force an overwrite of the item regardless of version, set the ETag value."/>
    <sequence>
        <property name="uri.var.folderPath" expression="$func:folderPath"/>
        <property name="uri.var.ifMatch" expression="$func:ifMatch"/>
        <header name="If-Match"
                expression="$ctx:uri.var.ifMatch" scope="transport"/>
        <filter source="$ctx:sharepointBlocking" regex="true">
            <then>
                <call blocking="true">
                    <endpoint>
                        <http method="delete"
                              uri-template="{uri.var.apiUrl}/_api/web/GetFolderByServerRelativeUrl('{uri.var.folderPath}')"/>
                    </endpoint>
                </call>
            </then>
            <else>
                <call>
                    <endpoint>
                        <http method="delete"
                              uri-template="{uri.var.apiUrl}/_api/web/GetFolderByServerRelativeUrl('{uri.var.folderPath}')"/>
                    </endpoint>
                </call>
            </else>
        </filter>
        <!-- Remove custom Headers from the API Response -->
        <header name="X-Frame-Options" action="remove" scope="transport"/>
        <header name="Strict-Transport-Security" action="remove" scope="transport"/>
        <header name="RequestId" action="remove" scope="transport"/>
        <header name="X-Content-Type-Options" action="remove" scope="transport"/>
        <header name="OData-Version" action="remove" scope="transport"/>
        <header name="Cache-Control" action="remove" scope="transport"/>
    </sequence>
</template>